{
    "swagger": "2.0",
    "info": {
        "title": "AzureStorage (AAD-READWRITE)",
        "version": "1.0"
    },
    "host": "necnexus2apimanagement-apim.azure-api.net",
    "basePath": "/AAD-READWRITE",
    "schemes": [
        "https"
    ],
    "securityDefinitions": {
        "apiKeyHeader": {
            "type": "apiKey",
            "name": "Ocp-Apim-Subscription-Key",
            "in": "header"
        },
        "apiKeyQuery": {
            "type": "apiKey",
            "name": "subscription-key",
            "in": "query"
        },
        "oauth2ReadWriteAuth": {
            "type": "oauth2",
            "scopes": {},
            "flow": "accessCode",
            "authorizationUrl": "https://login.microsoftonline.com/71579be7-5e6f-4786-82a9-63d2090a1f06/oauth2/v2.0/authorize",
            "tokenUrl": "https://login.microsoftonline.com/71579be7-5e6f-4786-82a9-63d2090a1f06/oauth2/v2.0/token"
        }
    },
    "security": [
        {
            "apiKeyHeader": [],
            "oauth2ReadWriteAuth": []
        },
        {
            "apiKeyQuery": [],
            "oauth2ReadWriteAuth": []
        }
    ],
    "paths": {
        "/": {
            "get": {
                "operationId": "get-blob",
                "summary": "Get Blob",
                "responses": {
                    "200": {
                        "description": null
                    }
                }
            },
            "put": {
                "operationId": "put-blob",
                "summary": "Put Blob",
                "responses": {
                    "200": {
                        "description": null
                    }
                }
            }
        },
        "/deltas": {
            "get": {
                "operationId": "listblobs",
                "summary": "List Deltas",
                "responses": {
                    "200": {
                        "description": null
                    }
                }
            }
        },
        "/lock/{Container}/{Blob}": {
            "put": {
                "description": "Get Lease (like a file lock) on a specified blob",
                "operationId": "lease",
                "summary": "Lease Blob - Lock",
                "parameters": [
                    {
                        "name": "Container",
                        "in": "path",
                        "required": true,
                        "type": "string"
                    },
                    {
                        "name": "Blob",
                        "in": "path",
                        "required": true,
                        "type": "string"
                    }
                ],
                "responses": {
                    "200": {
                        "description": null
                    }
                }
            }
        },
        "/release/{Container}/{Blob}": {
            "put": {
                "operationId": "release-index",
                "summary": "Lease Blob - Unlock",
                "parameters": [
                    {
                        "name": "Container",
                        "in": "path",
                        "required": true,
                        "type": "string"
                    },
                    {
                        "name": "Blob",
                        "in": "path",
                        "required": true,
                        "type": "string"
                    }
                ],
                "responses": {
                    "200": {
                        "description": null
                    }
                }
            }
        },
        "/delete/{Container}/{Blob}": {
            "delete": {
                "operationId": "delete-blob-2",
                "summary": "Delete Blob",
                "parameters": [
                    {
                        "name": "Container",
                        "in": "path",
                        "required": true,
                        "type": "string"
                    },
                    {
                        "name": "Blob",
                        "in": "path",
                        "required": true,
                        "type": "string"
                    }
                ],
                "responses": {
                    "200": {
                        "description": null
                    }
                }
            }
        }
    },
    "tags": []
}