{
    "swagger": "2.0",
    "info": {
        "title": "AzureStorage (AAD-READONLY)",
        "version": "1.0"
    },
    "host": "necnexus2apimanagement-apim.azure-api.net",
    "basePath": "/AAD",
    "schemes": [
        "https"
    ],
    "securityDefinitions": {
        "apiKeyHeader": {
            "type": "apiKey",
            "name": "Ocp-Apim-Subscription-Key",
            "in": "header"
        },
        "apiKeyQuery": {
            "type": "apiKey",
            "name": "subscription-key",
            "in": "query"
        },
        "oauth2ReadOnlyAuth": {
            "type": "oauth2",
            "scopes": {},
            "flow": "accessCode",
            "authorizationUrl": "https://login.microsoftonline.com/71579be7-5e6f-4786-82a9-63d2090a1f06/oauth2/v2.0/authorize",
            "tokenUrl": "https://login.microsoftonline.com/71579be7-5e6f-4786-82a9-63d2090a1f06/oauth2/v2.0/token"
        }
    },
    "security": [
        {
            "apiKeyHeader": [],
            "oauth2ReadOnlyAuth": []
        },
        {
            "apiKeyQuery": [],
            "oauth2ReadOnlyAuth": []
        }
    ],
    "paths": {
        "/": {
            "get": {
                "operationId": "get-blob",
                "summary": "Get Blob",
                "responses": {
                    "200": {
                        "description": null
                    }
                }
            }
        }
    },
    "tags": []
}